review,rating
2,Freshly showered design does not hold up on rugged use and did not reduce fatique. 
3,Giggle party design does not hold up on rugged use and did not reduce fatique. 
4,"Juicy secret brightened my day. It was also promises to make shooting daytime and nighttime action simpler and professional-looking, providing the budding photographer with new and enticing reasons to hone their skills."
4,"Bondfire time brightened my day. It was also promises to make shooting daytime and nighttime action simpler and professional-looking, providing the budding photographer with new and enticing reasons to hone their skills."
4,"Ada starter kit brightened my day. It was also promises to make shooting daytime and nighttime action simpler and professional-looking, providing the budding photographer with new and enticing reasons to hone their skills."
1,A good hair day design does not hold up on rugged use and did not reduce fatique. 
3,Puppy play pack design does not hold up on rugged use and did not reduce fatique. 
5,"Bestfriend time brightened my day. It was also promises to make shooting daytime and nighttime action simpler and professional-looking, providing the budding photographer with new and enticing reasons to hone their skills."
5,"Inside joke moment brightened my day. It was also promises to make shooting daytime and nighttime action simpler and professional-looking, providing the budding photographer with new and enticing reasons to hone their skills."
1,Cup of sunshine design does not hold up on rugged use and did not reduce fatique. 
5,"Pause time brightened my day. It was also promises to make shooting daytime and nighttime action simpler and professional-looking, providing the budding photographer with new and enticing reasons to hone their skills."
2,A good hair day design does not hold up on rugged use and did not reduce fatique. 
3,Inside joke moment design does not hold up on rugged use and did not reduce fatique. 
2,Juicy secret design does not hold up on rugged use and did not reduce fatique. 
2,Ada starter kit design does not hold up on rugged use and did not reduce fatique. 
3,A good hair day design does not hold up on rugged use and did not reduce fatique. 
3,Kitten cuddles design does not hold up on rugged use and did not reduce fatique. 
4,"Ada starter kit brightened my day. It was also promises to make shooting daytime and nighttime action simpler and professional-looking, providing the budding photographer with new and enticing reasons to hone their skills."
5,"Cup of rainbows brightened my day. It was also promises to make shooting daytime and nighttime action simpler and professional-looking, providing the budding photographer with new and enticing reasons to hone their skills."
1,Relaxation design does not hold up on rugged use and did not reduce fatique. 
2,Giggle party design does not hold up on rugged use and did not reduce fatique. 
4,"Bucket of sunshine brightened my day. It was also promises to make shooting daytime and nighttime action simpler and professional-looking, providing the budding photographer with new and enticing reasons to hone their skills."
5,"Ada starter kit brightened my day. It was also promises to make shooting daytime and nighttime action simpler and professional-looking, providing the budding photographer with new and enticing reasons to hone their skills."
3,Freshly showered design does not hold up on rugged use and did not reduce fatique. 
4,"Freshly showered brightened my day. It was also promises to make shooting daytime and nighttime action simpler and professional-looking, providing the budding photographer with new and enticing reasons to hone their skills."
2,Cup of rainbows design does not hold up on rugged use and did not reduce fatique. 
4,"Bestfriend time brightened my day. It was also promises to make shooting daytime and nighttime action simpler and professional-looking, providing the budding photographer with new and enticing reasons to hone their skills."
5,"Relaxation brightened my day. It was also promises to make shooting daytime and nighttime action simpler and professional-looking, providing the budding photographer with new and enticing reasons to hone their skills."
1,Ada best seller pack design does not hold up on rugged use and did not reduce fatique. 
3,Ada best seller pack design does not hold up on rugged use and did not reduce fatique. 
1,Puppy play pack design does not hold up on rugged use and did not reduce fatique. 
2,Giggle party design does not hold up on rugged use and did not reduce fatique. 
2,Teleport into bed design does not hold up on rugged use and did not reduce fatique. 
1,Cup of sunshine design does not hold up on rugged use and did not reduce fatique. 
5,"Bondfire time brightened my day. It was also promises to make shooting daytime and nighttime action simpler and professional-looking, providing the budding photographer with new and enticing reasons to hone their skills."
2,Ada starter kit design does not hold up on rugged use and did not reduce fatique. 
2,Juicy secret design does not hold up on rugged use and did not reduce fatique. 
4,"Bestfriend time brightened my day. It was also promises to make shooting daytime and nighttime action simpler and professional-looking, providing the budding photographer with new and enticing reasons to hone their skills."
5,"Giggle party brightened my day. It was also promises to make shooting daytime and nighttime action simpler and professional-looking, providing the budding photographer with new and enticing reasons to hone their skills."
1,Cup of rainbows design does not hold up on rugged use and did not reduce fatique. 
